time_s,altitude_m,mach,velocity_mps,air_density_kgm3,thrust_N,exhaust_velocity_mps
0,0,0,0,1.225,0,0
1,20,0.03,10,1.222,7000,2200
2,120,0.12,45,1.208,7000,2200
3,300,0.30,110,1.182,7000,2200
4,600,0.60,200,1.14,7000,2200
5,1000,1.00,320,1.09,7000,2200
6,1500,1.50,470,1.02,6800,2200
7,2200,2.10,650,0.95,6600,2200
8,3200,2.90,850,0.86,6400,2200
9,4500,3.70,1060,0.73,6200,2200
10,6000,4.40,1260,0.60,6000,2200
11,7900,5.10,1430,0.48,5800,2200
12,10100,5.70,1580,0.37,5600,2200
13,12600,6.20,1720,0.28,5400,2200
14,15400,6.45,1850,0.20,5200,2200
15,18200,6.50,1930,0.13,5000,2200
16,21000,6.40,1950,0.09,0,0
17,23600,6.20,1900,0.06,0,0
18,26000,5.90,1820,0.04,0,0
19,28200,5.60,1710,0.028,0,0
20,30300,5.30,1600,0.020,0,0
